FeatureCombination,Model,Accuracy
BATTERY + API + NETWORK + LOGCAT,RandomForest,0.8309318862275449
BATTERY + API + NETWORK + LOGCAT,XGBoost,0.8079154191616766
BATTERY + API + NETWORK + LOGCAT,LogisticRegression,0.6190119760479041
BATTERY + API + NETWORK + LOGCAT,GradientBoosting,0.7417664670658682
BATTERY + API + NETWORK + LOGCAT,SVM,0.6518525449101796
BATTERY + API + NETWORK + LOGCAT,DecisionTree,0.7472866766467066
BATTERY + API + NETWORK + LOGCAT,MLP,0.75308758020401
BATTERY + API + NETWORK + LOGCAT,CNN,0.7072417736053467
BATTERY + API + NETWORK + LOGCAT,RNN,0.26646706461906433
BATTERY + API + NETWORK + LOGCAT,LSTM,0.7010666131973267
BATTERY + API + NETWORK + LOGCAT,Bidirectional LSTM,0.710142195224762
MEMORY +API + NETWORK + LOGCAT,RandomForest,0.8380426646706587
MEMORY +API + NETWORK + LOGCAT,XGBoost,0.8206399700598802
MEMORY +API + NETWORK + LOGCAT,LogisticRegression,0.6322979041916168
MEMORY +API + NETWORK + LOGCAT,GradientBoosting,0.749251497005988
MEMORY +API + NETWORK + LOGCAT,SVM,0.6836639221556886
MEMORY +API + NETWORK + LOGCAT,DecisionTree,0.7576721556886228
MEMORY +API + NETWORK + LOGCAT,MLP,0.7610403895378113
MEMORY +API + NETWORK + LOGCAT,CNN,0.741672933101654
MEMORY +API + NETWORK + LOGCAT,RNN,0.33832335472106934
MEMORY +API + NETWORK + LOGCAT,LSTM,0.6986339688301086
MEMORY +API + NETWORK + LOGCAT,Bidirectional LSTM,0.7256736755371094
MEMORY+BATTERY + NETWORK + LOGCAT,RandomForest,0.7703967065868264
MEMORY+BATTERY + NETWORK + LOGCAT,XGBoost,0.7391467065868264
MEMORY+BATTERY + NETWORK + LOGCAT,LogisticRegression,0.4746444610778443
MEMORY+BATTERY + NETWORK + LOGCAT,GradientBoosting,0.6580276946107785
MEMORY+BATTERY + NETWORK + LOGCAT,SVM,0.5983345808383234
MEMORY+BATTERY + NETWORK + LOGCAT,DecisionTree,0.6603667664670658
MEMORY+BATTERY + NETWORK + LOGCAT,MLP,0.6701908707618713
MEMORY+BATTERY + NETWORK + LOGCAT,CNN,0.6090943217277527
MEMORY+BATTERY + NETWORK + LOGCAT,RNN,0.61555016040802
MEMORY+BATTERY + NETWORK + LOGCAT,LSTM,0.6246257424354553
MEMORY+BATTERY + NETWORK + LOGCAT,Bidirectional LSTM,0.6504490971565247
